Province,Category,2014-2015,2015-2016,trend_2015_vs_2014
Eastern Cape,All theft not mentioned elsewhere,25597,23429,-8.47
Eastern Cape,Arson,785,679,-13.49
Eastern Cape,Assault with the intent to inflict grievous bodily harm,25431,24818,-2.41
Eastern Cape,Attempted murder,1832,2052,12.0
Eastern Cape,Bank robbery,0,0,0.0
Eastern Cape,Burglary at non-residential premises,7810,7470,-4.35
Eastern Cape,Burglary at residential premises,24329,23901,-1.76
Eastern Cape,Carjacking,769,956,24.29
Eastern Cape,Commercial crime,5546,6155,10.98
Eastern Cape,Common assault,11848,11475,-3.15
Eastern Cape,Common robbery,3753,3690,-1.68
Eastern Cape,Driving under the influence of alcohol or drugs,6946,6547,-5.74
Eastern Cape,Drug-related crime,16038,16129,0.57
Eastern Cape,Illegal possession of firearms and ammunition,1719,1773,3.14
Eastern Cape,Malicious damage to property,12399,11819,-4.68
Eastern Cape,Murder,3321,3649,9.87
Eastern Cape,Robbery at non-residential premises,2474,2218,-10.34
Eastern Cape,Robbery at residential premises,1811,2054,13.41
Eastern Cape,Robbery of cash in transit,10,19,81.82
Eastern Cape,Robbery with aggravating circumstances,13245,12777,-3.53
Eastern Cape,Sexual Offences,9224,8797,-4.63
Eastern Cape,Sexual offences as result of police action,219,262,19.55
Eastern Cape,Shoplifting,6045,5654,-6.47
Eastern Cape,Stock-theft,6087,5809,-4.57
Eastern Cape,Theft of motor vehicle and motorcycle,3276,2678,-18.25
Eastern Cape,Theft out of or from motor vehicle,12034,11225,-6.72
Eastern Cape,Truck hijacking,34,54,57.14
Free State,All theft not mentioned elsewhere,17180,16341,-4.88
Free State,Arson,287,265,-7.64
Free State,Assault with the intent to inflict grievous bodily harm,13458,13116,-2.54
Free State,Attempted murder,816,787,-3.55
Free State,Bank robbery,2,0,-66.67
Free State,Burglary at non-residential premises,4875,5210,6.87
Free State,Burglary at residential premises,15618,15323,-1.89
Free State,Carjacking,270,258,-4.43
Free State,Commercial crime,3806,3986,4.73
Free State,Common assault,15243,15194,-0.32
Free State,Common robbery,2521,2304,-8.6
Free State,Driving under the influence of alcohol or drugs,1976,2448,23.87
Free State,Drug-related crime,8776,9623,9.65
Free State,Illegal possession of firearms and ammunition,442,469,6.09
Free State,Malicious damage to property,7655,7551,-1.36
Free State,Murder,943,993,5.3
Free State,Robbery at non-residential premises,852,756,-11.25
Free State,Robbery at residential premises,718,773,7.65
Free State,Robbery of cash in transit,9,5,-40.0
Free State,Robbery with aggravating circumstances,5239,4778,-8.8
Free State,Sexual Offences,4094,3928,-4.05
Free State,Sexual offences as result of police action,193,251,29.9
Free State,Shoplifting,3148,3175,0.86
Free State,Stock-theft,3527,3466,-1.73
Free State,Theft of motor vehicle and motorcycle,1743,1745,0.11
Free State,Theft out of or from motor vehicle,5399,4878,-9.65
Free State,Truck hijacking,89,65,-26.67
Gauteng,All theft not mentioned elsewhere,109422,102599,-6.24
Gauteng,Arson,1042,992,-4.79
Gauteng,Assault with the intent to inflict grievous bodily harm,41830,42790,2.29
Gauteng,Attempted murder,4202,4574,8.85
Gauteng,Bank robbery,9,2,-70.0
Gauteng,Burglary at non-residential premises,16983,16412,-3.36
Gauteng,Burglary at residential premises,66172,64968,-1.82
Gauteng,Carjacking,6867,7367,7.28
Gauteng,Commercial crime,23836,23680,-0.65
Gauteng,Common assault,42918,44255,3.12
Gauteng,Common robbery,17379,18051,3.87
Gauteng,Driving under the influence of alcohol or drugs,25794,32287,25.17
Gauteng,Drug-related crime,70264,55442,-21.09
Gauteng,Illegal possession of firearms and ammunition,3740,3600,-3.74
Gauteng,Malicious damage to property,34805,34320,-1.39
Gauteng,Murder,3671,3842,4.66
Gauteng,Robbery at non-residential premises,6329,6910,9.18
Gauteng,Robbery at residential premises,8174,7896,-3.4
Gauteng,Robbery of cash in transit,39,32,-17.5
Gauteng,Robbery with aggravating circumstances,47362,49792,5.13
Gauteng,Sexual Offences,9902,9510,-3.96
Gauteng,Sexual offences as result of police action,469,470,0.21
Gauteng,Shoplifting,22562,22157,-1.79
Gauteng,Stock-theft,801,818,2.12
Gauteng,Theft of motor vehicle and motorcycle,27147,26646,-1.85
Gauteng,Theft out of or from motor vehicle,44809,42111,-6.02
Gauteng,Truck hijacking,804,695,-13.54
Kwazulu/Natal,All theft not mentioned elsewhere,47622,43573,-8.5
Kwazulu/Natal,Arson,854,825,-3.39
Kwazulu/Natal,Assault with the intent to inflict grievous bodily harm,29201,28665,-1.84
Kwazulu/Natal,Attempted murder,3918,4041,3.14
Kwazulu/Natal,Bank robbery,0,0,0.0
Kwazulu/Natal,Burglary at non-residential premises,11032,11656,5.66
Kwazulu/Natal,Burglary at residential premises,43274,42429,-1.95
Kwazulu/Natal,Carjacking,2190,2493,13.83
Kwazulu/Natal,Commercial crime,11227,11395,1.5
Kwazulu/Natal,Common assault,24011,23703,-1.28
Kwazulu/Natal,Common robbery,7857,7524,-4.24
Kwazulu/Natal,Driving under the influence of alcohol or drugs,11702,12052,2.99
Kwazulu/Natal,Drug-related crime,47377,46354,-2.16
Kwazulu/Natal,Illegal possession of firearms and ammunition,4081,3908,-4.24
Kwazulu/Natal,Malicious damage to property,14605,14709,0.71
Kwazulu/Natal,Murder,3810,3929,3.12
Kwazulu/Natal,Robbery at non-residential premises,2750,2825,2.73
Kwazulu/Natal,Robbery at residential premises,3958,4082,3.13
Kwazulu/Natal,Robbery of cash in transit,18,21,15.79
Kwazulu/Natal,Robbery with aggravating circumstances,20881,21061,0.86
Kwazulu/Natal,Sexual Offences,9079,8947,-1.45
Kwazulu/Natal,Sexual offences as result of police action,2258,2561,13.41
Kwazulu/Natal,Shoplifting,14118,13648,-3.33
Kwazulu/Natal,Stock-theft,5956,5731,-3.78
Kwazulu/Natal,Theft of motor vehicle and motorcycle,8404,8673,3.2
Kwazulu/Natal,Theft out of or from motor vehicle,18148,17896,-1.39
Kwazulu/Natal,Truck hijacking,63,71,12.5
Limpopo,All theft not mentioned elsewhere,19050,19915,4.54
Limpopo,Arson,585,613,4.78
Limpopo,Assault with the intent to inflict grievous bodily harm,13511,14143,4.68
Limpopo,Attempted murder,793,875,10.33
Limpopo,Bank robbery,1,0,-50.0
Limpopo,Burglary at non-residential premises,7048,7386,4.8
Limpopo,Burglary at residential premises,16466,16217,-1.51
Limpopo,Carjacking,345,450,30.35
Limpopo,Commercial crime,3500,3733,6.66
Limpopo,Common assault,9073,9838,8.43
Limpopo,Common robbery,3382,3545,4.82
Limpopo,Driving under the influence of alcohol or drugs,3214,4143,28.9
Limpopo,Drug-related crime,11716,11268,-3.82
Limpopo,Illegal possession of firearms and ammunition,474,456,-3.79
Limpopo,Malicious damage to property,6959,7612,9.38
Limpopo,Murder,777,898,15.55
Limpopo,Robbery at non-residential premises,1522,1802,18.38
Limpopo,Robbery at residential premises,1117,1190,6.53
Limpopo,Robbery of cash in transit,9,13,40.0
Limpopo,Robbery with aggravating circumstances,6123,6723,9.8
Limpopo,Sexual Offences,4312,4369,1.32
Limpopo,Sexual offences as result of police action,2917,1842,-36.84
Limpopo,Shoplifting,3909,3799,-2.81
Limpopo,Stock-theft,1666,1756,5.4
Limpopo,Theft of motor vehicle and motorcycle,989,1151,16.36
Limpopo,Theft out of or from motor vehicle,5501,5571,1.27
Limpopo,Truck hijacking,27,15,-42.86
Mpumalanga,All theft not mentioned elsewhere,18894,18416,-2.53
Mpumalanga,Arson,291,286,-1.71
Mpumalanga,Assault with the intent to inflict grievous bodily harm,10778,11359,5.39
Mpumalanga,Attempted murder,703,797,13.35
Mpumalanga,Bank robbery,2,1,-33.33
Mpumalanga,Burglary at non-residential premises,5541,6014,8.53
Mpumalanga,Burglary at residential premises,18183,18162,-0.12
Mpumalanga,Carjacking,509,629,23.53
Mpumalanga,Commercial crime,4494,4733,5.32
Mpumalanga,Common assault,7510,7649,1.85
Mpumalanga,Common robbery,2934,2746,-6.41
Mpumalanga,Driving under the influence of alcohol or drugs,2974,3649,22.69
Mpumalanga,Drug-related crime,8841,9820,11.07
Mpumalanga,Illegal possession of firearms and ammunition,1068,977,-8.51
Mpumalanga,Malicious damage to property,5839,5827,-0.21
Mpumalanga,Murder,831,859,3.37
Mpumalanga,Robbery at non-residential premises,1366,1562,14.34
Mpumalanga,Robbery at residential premises,1112,1080,-2.88
Mpumalanga,Robbery of cash in transit,14,18,26.67
Mpumalanga,Robbery with aggravating circumstances,5656,5996,6.01
Mpumalanga,Sexual Offences,3474,3331,-4.12
Mpumalanga,Sexual offences as result of police action,46,93,100.0
Mpumalanga,Shoplifting,3494,3397,-2.78
Mpumalanga,Stock-theft,2192,2337,6.61
Mpumalanga,Theft of motor vehicle and motorcycle,2303,2222,-3.52
Mpumalanga,Theft out of or from motor vehicle,7999,7372,-7.84
Mpumalanga,Truck hijacking,155,194,25.0
North West,All theft not mentioned elsewhere,17943,16751,-6.64
North West,Arson,329,314,-4.55
North West,Assault with the intent to inflict grievous bodily harm,13334,13614,2.1
North West,Attempted murder,984,899,-8.63
North West,Bank robbery,1,3,100.0
North West,Burglary at non-residential premises,5080,5313,4.59
North West,Burglary at residential premises,15687,15568,-0.76
North West,Carjacking,278,370,32.97
North West,Commercial crime,4016,4212,4.88
North West,Common assault,6930,6942,0.17
North West,Common robbery,2419,2417,-0.08
North West,Driving under the influence of alcohol or drugs,1927,2583,34.02
North West,Drug-related crime,11632,12189,4.79
North West,Illegal possession of firearms and ammunition,531,678,27.63
North West,Malicious damage to property,5902,5762,-2.37
North West,Murder,853,907,6.32
North West,Robbery at non-residential premises,1419,1394,-1.76
North West,Robbery at residential premises,1110,1065,-4.05
North West,Robbery of cash in transit,5,4,-16.67
North West,Robbery with aggravating circumstances,5977,6281,5.09
North West,Sexual Offences,4585,4164,-9.18
North West,Sexual offences as result of police action,106,87,-17.76
North West,Shoplifting,2270,2188,-3.61
North West,Stock-theft,2574,2605,1.2
North West,Theft of motor vehicle and motorcycle,1984,2070,4.33
North West,Theft out of or from motor vehicle,6349,5913,-6.87
North West,Truck hijacking,45,42,-6.52
Northern Cape,All theft not mentioned elsewhere,7437,7316,-1.63
Northern Cape,Arson,172,172,0.0
Northern Cape,Assault with the intent to inflict grievous bodily harm,8813,8889,0.86
Northern Cape,Attempted murder,562,658,17.05
Northern Cape,Bank robbery,1,0,-50.0
Northern Cape,Burglary at non-residential premises,2270,2203,-2.95
Northern Cape,Burglary at residential premises,6204,6469,4.27
Northern Cape,Carjacking,15,47,200.0
Northern Cape,Commercial crime,997,1037,4.01
Northern Cape,Common assault,4803,4598,-4.27
Northern Cape,Common robbery,1262,1348,6.81
Northern Cape,Driving under the influence of alcohol or drugs,804,725,-9.81
Northern Cape,Drug-related crime,3527,4344,23.16
Northern Cape,Illegal possession of firearms and ammunition,102,92,-9.71
Northern Cape,Malicious damage to property,3209,3084,-3.89
Northern Cape,Murder,413,372,-9.9
Northern Cape,Robbery at non-residential premises,240,258,7.47
Northern Cape,Robbery at residential premises,123,106,-13.71
Northern Cape,Robbery of cash in transit,0,1,100.0
Northern Cape,Robbery with aggravating circumstances,1446,1387,-4.08
Northern Cape,Sexual Offences,1578,1719,8.93
Northern Cape,Sexual offences as result of police action,3,22,475.0
Northern Cape,Shoplifting,1360,1276,-6.17
Northern Cape,Stock-theft,1331,1332,0.08
Northern Cape,Theft of motor vehicle and motorcycle,327,246,-24.7
Northern Cape,Theft out of or from motor vehicle,2898,2962,2.21
Northern Cape,Truck hijacking,0,2,200.0
Western Cape,All theft not mentioned elsewhere,97396,92032,-5.51
Western Cape,Arson,782,757,-3.19
Western Cape,Assault with the intent to inflict grievous bodily harm,26200,25539,-2.52
Western Cape,Attempted murder,3727,3444,-7.59
Western Cape,Bank robbery,1,0,-50.0
Western Cape,Burglary at non-residential premises,13719,13344,-2.73
Western Cape,Burglary at residential premises,47783,47569,-0.45
Western Cape,Carjacking,1530,2032,32.79
Western Cape,Commercial crime,10408,10986,5.55
Western Cape,Common assault,39150,41304,5.5
Western Cape,Common robbery,13420,12485,-6.97
Western Cape,Driving under the influence of alcohol or drugs,13224,11725,-11.33
Western Cape,Drug-related crime,88731,93996,5.93
Western Cape,Illegal possession of firearms and ammunition,2959,2819,-4.73
Western Cape,Malicious damage to property,29289,29217,-0.25
Western Cape,Murder,3186,3224,1.19
Western Cape,Robbery at non-residential premises,2218,1973,-11.04
Western Cape,Robbery at residential premises,2158,2574,19.27
Western Cape,Robbery of cash in transit,15,24,56.25
Western Cape,Robbery with aggravating circumstances,23116,23732,2.66
Western Cape,Sexual Offences,7369,7130,-3.24
Western Cape,Sexual offences as result of police action,129,242,86.92
Western Cape,Shoplifting,14421,13492,-6.44
Western Cape,Stock-theft,831,861,3.61
Western Cape,Theft of motor vehicle and motorcycle,8918,8378,-6.05
Western Cape,Theft out of or from motor vehicle,42221,41458,-1.81
Western Cape,Truck hijacking,62,46,-25.4
